year,factor_to_2024
2018,0.81519
2019,0.83072
2020,0.84573
2021,0.85586
2022,0.88981
2023,0.95238
2024,1.00000
